{"cameraMode":{"drawMode":0,"name":"Shaded","section":"Shading Mode"},"sceneLighting":true,"audioPlay":false,"sceneViewState":{"showFog":false,"showMaterialUpdate":false,"showSkybox":false,"showFlares":false,"showImageEffects":false,"showParticleSystems":false},"in2DMode":false,"pivot":{"x":25.84933090209961,"y":11.853304862976075,"z":26.528789520263673},"rotation":{"x":-0.189615398645401,"y":-0.47853046655654909,"z":0.10666190832853317,"w":-0.8506938219070435},"size":12.81876277923584,"orthographic":false}