{"cameraMode":{"drawMode":0,"name":"Shaded","section":"Shading Mode"},"sceneLighting":false,"audioPlay":false,"sceneViewState":{"showFog":false,"showMaterialUpdate":false,"showSkybox":false,"showFlares":false,"showImageEffects":false,"showParticleSystems":false},"in2DMode":false,"pivot":{"x":0.09257286787033081,"y":0.009299039840698243,"z":0.2170565128326416},"rotation":{"x":-0.189615398645401,"y":-0.47853046655654909,"z":0.10666190832853317,"w":-0.8506938219070435},"size":1.1534903049468995,"orthographic":false}