{"cameraMode":{"drawMode":0,"name":"Shaded","section":"Shading Mode"},"sceneLighting":false,"audioPlay":false,"sceneViewState":{"showFog":false,"showMaterialUpdate":false,"showSkybox":false,"showFlares":false,"showImageEffects":false,"showParticleSystems":false},"in2DMode":false,"pivot":{"x":3.02669358253479,"y":-4.1202850341796879,"z":-4.520127773284912},"rotation":{"x":-0.040537405759096149,"y":-0.9417653679847717,"z":0.3103254735469818,"w":-0.12302158772945404},"size":5.351842403411865,"orthographic":false}