{"cameraMode":{"drawMode":0,"name":"Shaded","section":"Shading Mode"},"sceneLighting":false,"audioPlay":false,"sceneViewState":{"showFog":false,"showMaterialUpdate":false,"showSkybox":false,"showFlares":false,"showImageEffects":false,"showParticleSystems":false},"in2DMode":false,"pivot":{"x":-0.06162172555923462,"y":0.09000003337860108,"z":-0.10449212789535523},"rotation":{"x":-0.3926572799682617,"y":-0.033927202224731448,"z":0.014496803283691407,"w":-0.9189452528953552},"size":1.895857810974121,"orthographic":false}