{"cameraMode":{"drawMode":0,"name":"Shaded","section":"Shading Mode"},"sceneLighting":false,"audioPlay":false,"sceneViewState":{"showFog":false,"showMaterialUpdate":false,"showSkybox":false,"showFlares":false,"showImageEffects":false,"showParticleSystems":false},"in2DMode":false,"pivot":{"x":31.239999771118165,"y":1.2899999618530274,"z":6.980000019073486},"rotation":{"x":-0.189615398645401,"y":-0.47853046655654909,"z":0.10666190832853317,"w":-0.8506938219070435},"size":0.8838834762573242,"orthographic":false}