{"cameraMode":{"drawMode":0,"name":"Shaded","section":"Shading Mode"},"sceneLighting":false,"audioPlay":false,"sceneViewState":{"showFog":false,"showMaterialUpdate":false,"showSkybox":false,"showFlares":false,"showImageEffects":false,"showParticleSystems":false},"in2DMode":false,"pivot":{"x":27.066757202148439,"y":4.093979835510254,"z":90.07333374023438},"rotation":{"x":-0.19994798302650453,"y":-0.006763640325516462,"z":0.0013802740722894669,"w":-0.9797827005386353},"size":4.280956745147705,"orthographic":false}