{"cameraMode":{"drawMode":0,"name":"Shaded","section":"Shading Mode"},"sceneLighting":false,"audioPlay":false,"sceneViewState":{"showFog":false,"showMaterialUpdate":false,"showSkybox":false,"showFlares":false,"showImageEffects":false,"showParticleSystems":false},"in2DMode":false,"pivot":{"x":-0.01953500509262085,"y":0.9558224678039551,"z":0.43942737579345705},"rotation":{"x":-0.10947388410568237,"y":-0.045610446482896808,"z":0.005028665065765381,"w":-0.9929305911064148},"size":1.7271161079406739,"orthographic":false}