{"cameraMode":{"drawMode":0,"name":"Shaded","section":"Shading Mode"},"sceneLighting":true,"audioPlay":false,"sceneViewState":{"showFog":false,"showMaterialUpdate":false,"showSkybox":false,"showFlares":false,"showImageEffects":false,"showParticleSystems":false},"in2DMode":false,"pivot":{"x":31.239999771118165,"y":1.2899999618530274,"z":6.980000019073486},"rotation":{"x":-0.3926572799682617,"y":-0.033927202224731448,"z":0.014496803283691407,"w":-0.9189452528953552},"size":6.920017242431641,"orthographic":false}