{"cameraMode":{"drawMode":0,"name":"Shaded","section":"Shading Mode"},"sceneLighting":true,"audioPlay":false,"sceneViewState":{"showFog":false,"showMaterialUpdate":false,"showSkybox":false,"showFlares":false,"showImageEffects":false,"showParticleSystems":false},"in2DMode":false,"pivot":{"x":32.820858001708987,"y":2.294797420501709,"z":6.420017242431641},"rotation":{"x":-0.189615398645401,"y":-0.47853046655654909,"z":0.10666190832853317,"w":-0.8506938219070435},"size":3.2838830947875978,"orthographic":false}