{"cameraMode":{"drawMode":0,"name":"Shaded","section":"Shading Mode"},"sceneLighting":false,"audioPlay":false,"sceneViewState":{"showFog":false,"showMaterialUpdate":false,"showSkybox":false,"showFlares":false,"showImageEffects":false,"showParticleSystems":false},"in2DMode":false,"pivot":{"x":0.0138205885887146,"y":0.17925643920898438,"z":0.18688488006591798},"rotation":{"x":-0.3926572799682617,"y":-0.033927202224731448,"z":0.014496803283691407,"w":-0.9189452528953552},"size":3.583883047103882,"orthographic":false}