{"cameraMode":{"drawMode":0,"name":"Shaded","section":"Shading Mode"},"sceneLighting":false,"audioPlay":false,"sceneViewState":{"showFog":false,"showMaterialUpdate":false,"showSkybox":false,"showFlares":false,"showImageEffects":false,"showParticleSystems":false},"in2DMode":false,"pivot":{"x":25.852943420410158,"y":3.3416075706481935,"z":89.31021881103516},"rotation":{"x":-0.2435995489358902,"y":0.1854196935892105,"z":-0.047505371272563937,"w":-0.9508013129234314},"size":3.0958590507507326,"orthographic":false}